5;39696;39697;39698;0;39703;39697
3;39679;39692;39695;0;39703;39692
4;39675;39689;39691;0;39703;39689
4;39676;39689;39691;0;39703;39689
1;39679;39695;39699;0;39703;39695
1;39686;39698;39699;0;39703;39698
2;39679;39692;39699;39701;39703;39692
4;39679;39692;39695;0;39703;39692
5;39695;39696;39697;0;39703;39696
1;39687;39699;39701;0;39703;39699
2;39679;39694;39699;39701;39703;39694
4;39681;39696;39698;0;39703;39696
2;39685;39698;39699;39701;39703;39698
4;39688;39701;39703;0;39704;39701
4;39689;39701;39703;0;39704;39701
4;39688;39701;39703;0;39704;39701
3;39689;39701;39703;0;39704;39701
4;39689;39701;39703;0;39704;39701
3;39689;39701;39703;0;39704;39701
4;39688;39701;39703;0;39704;39701
2;39683;39697;39699;39701;39704;39697
1;39688;39700;39701;0;39704;39700
2;39683;39696;39699;39701;39704;39696
2;39679;39692;39699;39701;39704;39692
2;39683;39697;39699;39701;39704;39697
5;39696;39697;39698;0;39704;39697
2;39679;39694;39699;39701;39704;39694
2;39682;39696;39699;39701;39704;39696
2;39686;39698;39699;39701;39704;39698
2;39682;39696;39699;39701;39704;39696
2;39685;39697;39699;39701;39704;39697
2;39680;39695;39699;39701;39704;39695
4;39679;39693;39695;0;39704;39693
4;39680;39695;39697;0;39704;39695
2;39684;39697;39699;39701;39704;39697
4;39690;39702;39704;0;39705;39702
4;39690;39702;39704;0;39705;39702
4;39679;39695;39697;0;39705;39695
5;39696;39697;39698;0;39705;39697
2;39684;39697;39699;39701;39705;39697
3;39696;39703;39705;0;39706;1
3;39683;39696;39698;0;39706;39696
5;39700;39701;39702;0;39706;39701
4;39684;39697;39700;0;39706;39697
1;39689;39702;39706;0;39707;39702
1;39689;39702;39706;0;39707;39702
1;39690;39702;39706;0;39707;39702
5;39700;39701;39702;0;39707;39701
5;39699;39700;39701;0;39707;39700
4;39679;39692;39695;0;39707;39692
3;39684;39697;39700;0;39708;39697
4;39679;39694;39696;0;39708;39694
3;39683;39696;39698;0;39708;39696
3;39685;39697;39700;0;39708;39697
4;39680;39695;39697;0;39708;39695
3;39684;39697;39700;0;39708;39697
4;39680;39695;39697;0;39708;39695
2;39688;39701;39706;39708;39709;39701
2;39688;39701;39706;39708;39709;39701
2;39689;39702;39706;39708;39709;39702
2;39689;39702;39706;39708;39709;39702
2;39688;39701;39706;39708;39709;39701
2;39687;39700;39706;39708;39709;39700
2;39689;39701;39706;39708;39709;39701
5;39697;39698;39699;0;39709;39698
4;39679;39694;39696;0;39709;39694
5;39703;39704;39705;0;39709;1
4;39680;39695;39697;0;39709;39695
3;39688;39700;39702;0;39709;39700
4;39686;39698;39700;0;39709;39698
4;39684;39697;39700;0;39709;39697
4;39685;39697;39700;0;39709;39697
3;39697;39703;39705;0;39709;-1
4;39683;39697;39700;0;39710;39697
4;39688;39700;39702;0;39710;39700
4;39686;39698;39700;0;39710;39698
3;39690;39703;39705;0;39710;13
4;39685;39697;39700;0;39710;39697
4;39684;39697;39700;0;39711;39697
2;39690;39705;39707;39709;39711;15
5;39705;39706;39707;0;39711;1
1;39693;39708;39709;0;39711;13
5;39705;39706;39707;0;39711;1
4;39694;39704;39706;0;39711;7
3;39691;39703;39705;0;39712;11
2;39692;39705;39707;39709;39712;12
2;39692;39706;39707;39709;39712;13
2;39691;39705;39707;39709;39712;14
1;39694;39708;39709;0;39712;11
5;39706;39707;39708;0;39712;-1
1;39694;39708;39709;0;39712;10
2;39692;39705;39707;39709;39712;11
2;39690;39705;39707;39709;39712;15
4;39687;39699;39702;0;39712;39699
4;39687;39699;39702;0;39712;39699
1;39691;39707;39709;0;39712;16
1;39692;39707;39709;0;39712;14
1;39693;39707;39709;0;39712;11
4;39682;39696;39698;0;39712;39696
3;39695;39703;39705;0;39712;4
3;39695;39703;39705;0;39712;3
3;39692;39703;39705;0;39712;9
2;39693;39706;39707;39709;39712;11
3;39700;39703;39705;0;39712;-4
3;39701;39704;39706;0;39713;-6
1;39693;39708;39709;0;39713;14
1;39691;39707;39709;0;39713;16
3;39702;39704;39706;0;39713;-8
4;39692;39704;39706;0;39713;11
5;39706;39707;39708;0;39713;0
4;39694;39704;39706;0;39713;6
3;39691;39703;39705;0;39713;12
3;39700;39703;39705;0;39713;-5
3;39695;39703;39705;0;39713;5
3;39702;39704;39706;0;39713;-8
4;39695;39704;39706;0;39714;3
4;39690;39704;39706;0;39714;14
3;39695;39703;39705;0;39714;5
5;39702;39703;39704;0;39714;1
4;39693;39704;39706;0;39714;8
4;39692;39704;39706;0;39715;10
5;39709;39710;39711;0;39715;1
5;39707;39708;39709;0;39715;-2
5;39707;39708;39709;0;39715;0
4;39690;39704;39706;0;39715;14
4;39690;39704;39706;0;39715;14
5;39708;39709;39710;0;39716;-1
5;39710;39711;39712;0;39716;0
5;39707;39708;39709;0;39716;-1
4;39692;39704;39706;0;39716;10
4;39687;39699;39702;0;39716;39699
3;39707;39709;39711;0;39717;-1
3;39703;39709;39711;0;39717;-5
4;39692;39704;39706;0;39717;10
4;39691;39704;39706;0;39717;13
5;39711;39712;39713;0;39718;0
2;39701;39712;39714;39716;39718;2
4;39691;39704;39706;0;39718;12
2;39696;39712;39714;39716;39718;11
1;39699;39714;39716;0;39718;9
1;39699;39714;39716;0;39718;9
4;39691;39704;39706;0;39718;12
2;39701;39712;39714;39716;39718;2
4;39694;39704;39706;0;39718;6
4;39698;39709;39711;0;39718;4
2;39696;39712;39714;39716;39718;11
2;39697;39712;39714;39716;39719;8
2;39699;39712;39714;39716;39719;5
2;39705;39713;39714;39716;39719;-5
4;39695;39709;39711;0;39719;9
2;39702;39713;39714;39716;39719;0
2;39703;39713;39714;39716;39719;-2
4;39692;39704;39706;0;39719;9
2;39703;39713;39714;39716;39719;-2
2;39696;39712;39714;39716;39719;12
4;39696;39709;39711;0;39719;6
2;39705;39713;39714;39716;39719;-5
2;39705;39713;39714;39716;39719;-4
2;39695;39712;39714;39716;39719;14
2;39705;39713;39714;39716;39719;-6
3;39707;39709;39711;0;39719;-1
5;39712;39713;39714;0;39719;0
2;39696;39712;39714;39716;39719;10
2;39702;39713;39714;39716;39719;1
5;39711;39712;39713;0;39719;-1
2;39702;39713;39714;39716;39719;0
1;39700;39715;39716;0;39719;7
1;39701;39715;39716;0;39719;4
2;39702;39713;39714;39716;39719;1
3;39705;39709;39711;0;39719;3
1;39699;39714;39716;0;39719;8
1;39701;39715;39716;0;39719;5
2;39696;39712;39714;39716;39719;10
1;39696;39714;39716;0;39719;13
2;39695;39712;39714;39716;39719;13
1;39700;39715;39716;0;39719;6
3;39704;39709;39711;0;39719;2
2;39694;39712;39714;39716;39719;16
5;39710;39711;39712;0;39719;1
2;39697;39712;39714;39716;39719;8
2;39698;39712;39714;39716;39719;6
2;39695;39712;39714;39716;39720;14
4;39695;39709;39711;0;39720;8
2;39696;39712;39714;39716;39720;11
2;39701;39712;39714;39716;39720;1
2;39696;39712;39714;39716;39720;9
1;39699;39715;39716;0;39720;8
4;39695;39709;39711;0;39720;9
1;39695;39714;39716;0;39720;15
4;39694;39704;39706;0;39720;5
4;39695;39709;39711;0;39721;8
4;39694;39704;39706;0;39721;6
3;39709;39711;39713;0;39721;-2
4;39699;39710;39712;0;39721;3
3;39709;39711;39713;0;39721;-3
3;39706;39709;39711;0;39722;1
4;39697;39709;39711;0;39722;5
5;39715;39716;39717;0;39722;-1
5;39715;39716;39717;0;39722;0
4;39701;39710;39712;0;39722;0
4;39699;39709;39711;0;39722;1
4;39698;39709;39711;0;39722;3
1;39708;39720;39721;0;39723;-5
1;39708;39719;39721;0;39723;-5
1;39711;39720;39721;0;39723;-8
1;39709;39720;39721;0;39723;-5
1;39703;39719;39721;0;39723;3
1;39704;39719;39721;0;39723;0
1;39703;39719;39721;0;39723;2
1;39702;39719;39721;0;39723;5
5;39715;39716;39717;0;39723;1
1;39710;39720;39721;0;39724;-6
1;39712;39720;39721;0;39724;-10
1;39703;39719;39721;0;39724;3
1;39701;39719;39721;0;39724;7
1;39707;39719;39721;0;39724;-6
5;39714;39715;39716;0;39724;1
3;39710;39716;39718;0;39724;5
1;39701;39719;39721;0;39724;7
1;39706;39719;39721;0;39724;-5
1;39705;39719;39721;0;39724;-2
5;39717;39718;39719;0;39725;1
2;39706;39719;39721;39723;39725;1
2;39710;39719;39721;39723;39725;-5
1;39717;39722;39723;0;39725;-11
1;39703;39719;39721;0;39725;2
1;39716;39722;39723;0;39725;-9
2;39718;39720;39721;39723;39725;-5
1;39708;39720;39721;0;39725;-6
2;39713;39719;39721;39723;39725;-2
4;39700;39710;39712;0;39725;1
2;39706;39719;39721;39723;39725;0
1;39715;39721;39723;0;39725;-11
1;39706;39719;39721;0;39725;-4
1;39705;39719;39721;0;39725;-2
3;39713;39717;39719;0;39725;1
5;39717;39718;39719;0;39725;1
2;39712;39719;39721;39723;39725;-8
2;39708;39719;39721;39723;39726;-2
5;39718;39719;39720;0;39726;-2
1;39718;39722;39723;0;39726;-14
2;39718;39720;39721;39723;39726;-5
2;39706;39719;39721;39723;39726;0
2;39713;39719;39721;39723;39726;-3
1;39718;39722;39723;0;39726;-14
4;39699;39710;39712;0;39726;3
2;39716;39719;39721;39723;39726;-4
2;39712;39719;39721;39723;39726;-8
1;39715;39721;39723;0;39726;-10
1;39716;39721;39723;0;39726;-9
2;39711;39719;39721;39723;39726;-7
1;39712;39721;39723;0;39726;-9
5;39721;39722;39723;0;39726;1
3;39714;39718;39720;0;39726;-1
3;39712;39717;39719;0;39726;3
2;39710;39719;39721;39723;39726;-5
2;39714;39719;39721;39723;39726;0
5;39719;39720;39721;0;39726;-1
2;39716;39719;39721;39723;39726;-3
2;39716;39719;39721;39723;39726;-3
2;39715;39719;39721;39723;39727;-1
2;39706;39719;39721;39723;39727;1
3;39717;39723;39725;0;39727;-1
2;39710;39719;39721;39723;39727;-4
4;39702;39711;39713;0;39727;-2
5;39718;39719;39720;0;39727;0
4;39702;39711;39713;0;39727;-2
3;39710;39716;39718;0;39727;4
3;39711;39717;39719;0;39727;3
1;39714;39721;39723;0;39727;-12
1;39718;39722;39723;0;39727;-13
1;39717;39722;39723;0;39727;-11
4;39702;39718;39720;0;39728;6
3;39714;39718;39720;0;39728;0
3;39714;39718;39720;0;39728;-2
3;39712;39717;39719;0;39728;2
5;39718;39719;39720;0;39730;-1
4;39704;39723;39725;0;39730;7
5;39725;39726;39727;0;39731;1
1;39724;39726;39728;0;39731;2
1;39725;39727;39728;0;39731;2
3;39716;39718;39720;0;39732;-5
1;39726;39728;39730;0;39732;1
2;39720;39726;39728;39730;39732;4
4;39707;39724;39726;0;39732;9
3;39721;39723;39725;0;39732;0
5;39723;39724;39725;0;39732;1
4;39702;39718;39720;0;39732;6
2;39720;39726;39728;39730;39732;4
2;39723;39726;39728;39730;39732;-2
2;39725;39727;39728;39730;39732;-5
2;39720;39726;39728;39730;39732;4
2;39720;39726;39728;39730;39733;3
2;39722;39726;39728;39730;39733;-1
4;39711;39725;39727;0;39733;3
1;39726;39728;39730;0;39733;-1
3;39721;39723;39725;0;39733;-1
3;39722;39724;39726;0;39733;-1
4;39705;39723;39725;0;39733;11
5;39726;39727;39728;0;39733;1
2;39719;39726;39728;39730;39733;-1
2;39725;39727;39728;39730;39733;-4
2;39724;39726;39728;39730;39733;-4
2;39720;39726;39728;39730;39733;2
2;39719;39726;39728;39730;39733;-1
2;39719;39726;39728;39730;39733;-2
2;39723;39726;39728;39730;39733;-2
2;39720;39726;39728;39730;39733;3
2;39721;39726;39728;39730;39734;1
3;39717;39723;39725;0;39734;0
2;39721;39726;39728;39730;39734;1
1;39726;39728;39730;0;39734;0
3;39717;39723;39725;0;39734;-1
4;39707;39724;39726;0;39734;8
4;39704;39723;39725;0;39734;7
4;39704;39718;39720;0;39734;3
4;39708;39725;39727;0;39734;6
2;39720;39726;39728;39730;39734;2
4;39704;39718;39720;0;39734;2
4;39710;39725;39727;0;39734;4
1;39726;39728;39730;0;39734;1
4;39702;39718;39720;0;39734;6
5;39729;39730;39731;0;39735;1
5;39729;39730;39731;0;39735;1
4;39709;39725;39727;0;39735;4
4;39707;39724;39726;0;39735;8
4;39717;39727;39729;0;39736;-4
4;39707;39724;39726;0;39736;8
4;39709;39725;39727;0;39736;3
4;39706;39724;39726;0;39736;10
4;39708;39725;39727;0;39736;7
4;39709;39725;39727;0;39736;5
4;39709;39725;39727;0;39736;4
4;39709;39725;39727;0;39737;4
4;39708;39725;39727;0;39737;6
4;39707;39724;39726;0;39737;7
1;39730;39734;39735;0;39737;1
5;39731;39732;39733;0;39737;1
1;39727;39734;39735;0;39737;4
4;39713;39726;39729;0;39737;2
3;39724;39726;39729;0;39737;2
1;39732;39734;39735;0;39737;-3
4;39710;39725;39727;0;39737;5
1;39730;39734;39735;0;39737;2
4;39716;39727;39729;0;39737;-2
1;39730;39734;39735;0;39737;3
4;39705;39723;39725;0;39738;11
1;39732;39734;39735;0;39738;-2
1;39728;39734;39735;0;39738;3
1;39731;39734;39735;0;39738;0
4;39713;39726;39729;0;39738;2
1;39732;39734;39735;0;39738;-2
4;39710;39725;39727;0;39738;4
4;39716;39727;39729;0;39739;-2
5;39731;39732;39733;0;39739;1
3;39728;39731;39733;0;39739;2
4;39713;39726;39729;0;39739;1
2;39732;39734;39735;39737;39739;-5
1;39727;39734;39735;0;39739;4
2;39731;39734;39735;39737;39739;-4
2;39729;39733;39735;39737;39739;-1
2;39726;39733;39735;39737;39739;-1
4;39706;39724;39726;0;39739;10
4;39706;39724;39726;0;39739;11
2;39726;39733;39735;39737;39739;-1
5;39732;39733;39734;0;39739;0
4;39716;39727;39729;0;39739;-2
4;39710;39725;39727;0;39739;5
4;39715;39727;39729;0;39739;0
2;39728;39733;39735;39737;39740;1
2;39726;39733;39735;39737;39740;0
2;39728;39733;39735;39737;39740;2
2;39728;39733;39735;39737;39740;2
5;39734;39735;39736;0;39740;1
2;39729;39733;39735;39737;39740;-1
2;39731;39734;39735;39737;39740;-3
2;39729;39733;39735;39737;39740;-1
2;39728;39733;39735;39737;39740;3
2;39728;39733;39735;39737;39740;1
2;39727;39733;39735;39737;39740;4
2;39727;39733;39735;39737;39740;3
2;39726;39733;39735;39737;39740;0
4;39710;39725;39727;0;39740;4
4;39708;39725;39727;0;39740;7
4;39716;39727;39729;0;39740;-1
3;39726;39731;39733;0;39741;5
2;39726;39733;39735;39737;39741;-2
2;39730;39734;39735;39737;39741;-2
1;39733;39735;39737;0;39741;-4
4;39712;39725;39727;0;39741;3
4;39717;39727;39729;0;39741;-4
3;39727;39731;39733;0;39742;4
4;39711;39725;39727;0;39742;4
3;39730;39732;39734;0;39742;-1
3;39728;39732;39734;0;39742;2
5;39734;39735;39736;0;39742;1
3;39730;39732;39734;0;39742;-1
4;39718;39732;39734;0;39742;-1
4;39713;39727;39729;0;39742;3
3;39734;39736;39738;0;39743;0
4;39720;39736;39738;0;39743;1
5;39737;39738;39739;0;39743;1
4;39718;39732;39734;0;39743;-1
5;39736;39737;39738;0;39744;1
1;39735;39740;39742;0;39744;4
1;39738;39740;39742;0;39744;-1
4;39720;39732;39734;0;39744;-3
1;39738;39740;39742;0;39745;0
1;39738;39740;39742;0;39745;-1
1;39737;39740;39742;0;39745;2
1;39735;39740;39742;0;39745;5
3;39734;39736;39738;0;39745;1
4;39717;39732;39734;0;39745;1
4;39719;39732;39734;0;39746;-1
1;39739;39741;39742;0;39746;-2
1;39736;39740;39742;0;39746;3
3;39735;39737;39739;0;39746;-1
4;39721;39737;39739;0;39746;0
3;39733;39736;39738;0;39746;3
2;39736;39740;39742;39744;39747;3
1;39741;39743;39744;0;39747;-2
2;39736;39740;39742;39744;39747;3
1;39740;39742;39744;0;39747;-2
4;39724;39737;39739;0;39747;-4
4;39729;39739;39741;0;39747;1
3;39731;39735;39738;0;39747;0
2;39737;39740;39742;39744;39747;1
3;39737;39739;39741;0;39747;-1
2;39739;39741;39742;39744;39747;-1
2;39734;39740;39742;39744;39747;4
2;39734;39740;39742;39744;39747;4
2;39734;39740;39742;39744;39747;5
2;39737;39740;39742;39744;39747;1
1;39741;39743;39744;0;39747;0
2;39736;39740;39742;39744;39748;2
4;39730;39739;39741;0;39748;-2
2;39739;39741;39742;39744;39748;-1
1;39741;39743;39744;0;39748;-1
1;39740;39742;39744;0;39748;-4
1;39740;39742;39744;0;39748;-3
4;39728;39739;39741;0;39748;2
4;39726;39738;39740;0;39748;2
4;39730;39739;39741;0;39748;-2
4;39723;39737;39739;0;39748;-3
4;39720;39736;39738;0;39748;2
4;39727;39738;39740;0;39748;2
4;39719;39732;39734;0;39748;-1
4;39720;39736;39738;0;39748;1
4;39721;39736;39738;0;39748;-1
4;39728;39739;39741;0;39749;4
4;39729;39739;39741;0;39749;0
4;39726;39737;39739;0;39749;2
3;39736;39738;39740;0;39749;-3
4;39729;39739;39741;0;39749;0
3;39736;39738;39740;0;39749;-2
5;39743;39744;39745;0;39749;0
4;39728;39739;39741;0;39749;4
3;39738;39740;39743;0;39750;-1
5;39742;39743;39744;0;39750;1
5;39744;39745;39746;0;39750;0
4;39730;39739;39741;0;39750;-2
3;39736;39738;39740;0;39750;-1
5;39738;39739;39740;0;39750;1
4;39724;39737;39739;0;39750;-3
4;39724;39737;39739;0;39750;-3
4;39726;39738;39740;0;39750;2
5;39743;39744;39745;0;39750;1
3;39735;39737;39739;0;39750;-1
4;39725;39737;39739;0;39751;-3
4;39730;39739;39741;0;39751;-1
1;39744;39748;39749;0;39751;2
1;39743;39748;39749;0;39751;2
3;39738;39741;39743;0;39751;0
1;39744;39748;39749;0;39751;3
4;39722;39737;39739;0;39751;-1
1;39743;39748;39749;0;39752;3
1;39745;39748;39749;0;39752;0
1;39746;39748;39749;0;39752;-2
3;39741;39744;39746;0;39753;0
3;39740;39742;39745;0;39753;-1
2;39741;39747;39749;39751;39753;3
2;39744;39748;39749;39751;39753;-2
2;39740;39747;39749;39751;39753;3
1;39741;39748;39749;0;39753;4
4;39729;39739;39741;0;39753;1
2;39745;39748;39749;39751;39753;-6
4;39725;39737;39739;0;39753;-2
2;39744;39748;39749;39751;39753;-2
2;39745;39748;39749;39751;39753;-4
4;39731;39741;39743;0;39753;-2
3;39740;39742;39745;0;39754;0
3;39743;39745;39747;0;39754;2
2;39740;39747;39749;39751;39754;2
3;39739;39741;39743;0;39754;0
2;39740;39747;39749;39751;39754;2
2;39741;39747;39749;39751;39754;3
2;39742;39747;39749;39751;39754;1
5;39744;39745;39746;0;39754;-1
1;39748;39750;39751;0;39754;-2
2;39740;39747;39749;39751;39754;3
2;39745;39748;39749;39751;39754;-4
1;39748;39750;39751;0;39754;-3
1;39748;39750;39751;0;39754;-5
2;39745;39748;39749;39751;39754;-5
2;39745;39748;39749;39751;39754;-5
2;39741;39747;39749;39751;39754;4
2;39743;39747;39749;39751;39754;-1
2;39741;39747;39749;39751;39754;4
4;39728;39739;39741;0;39754;3
2;39742;39747;39749;39751;39754;1
4;39724;39737;39739;0;39754;-3
2;39742;39747;39749;39751;39754;2
1;39746;39749;39751;0;39754;0
2;39742;39747;39749;39751;39755;2
2;39743;39747;39749;39751;39755;-1
3;39743;39745;39747;0;39755;1
2;39743;39747;39749;39751;39755;-1
1;39748;39750;39751;0;39755;-4
1;39748;39750;39751;0;39755;-4
3;39740;39742;39745;0;39755;-1
4;39733;39746;39748;0;39755;0
4;39728;39739;39741;0;39755;3
2;39744;39748;39749;39751;39755;-3
4;39728;39739;39741;0;39756;3
5;39748;39749;39750;0;39756;1
3;39744;39746;39748;0;39756;0
5;39751;39752;39753;0;39757;0
5;39751;39752;39753;0;39757;-2
4;39733;39746;39748;0;39757;0
4;39732;39745;39747;0;39757;1
4;39731;39742;39745;0;39757;-1
4;39732;39745;39747;0;39758;0
4;39733;39749;39752;0;39758;3
5;39751;39752;39753;0;39758;1
1;39749;39754;39756;0;39758;1
4;39733;39746;39748;0;39758;1
4;39732;39742;39745;0;39758;-3
4;39733;39746;39748;0;39758;-1
1;39753;39755;39756;0;39759;-4
1;39751;39754;39756;0;39759;0
1;39749;39754;39756;0;39759;0
1;39749;39754;39756;0;39759;2
1;39750;39754;39756;0;39759;-1
4;39733;39746;39748;0;39759;1
3;39746;39749;39752;0;39759;3
1;39749;39754;39756;0;39759;1
1;39753;39755;39756;0;39760;-2
4;39736;39751;39753;0;39760;-1
1;39751;39754;39756;0;39760;0
5;39752;39753;39754;0;39760;-2
5;39754;39755;39756;0;39760;-1
5;39754;39755;39756;0;39760;1
3;39749;39751;39753;0;39760;-1
4;39732;39744;39746;0;39760;-1
1;39753;39755;39756;0;39760;-2
4;39735;39750;39752;0;39760;0
4;39734;39749;39752;0;39760;1
1;39753;39757;39758;0;39761;-1
2;39753;39755;39756;39758;39761;-4
2;39753;39755;39756;39758;39761;-4
2;39751;39754;39756;39758;39761;0
2;39747;39754;39756;39758;39761;-2
2;39751;39754;39756;39758;39761;1
2;39751;39754;39756;39758;39761;-1
2;39751;39754;39756;39758;39761;1
2;39748;39754;39756;39758;39761;3
2;39748;39754;39756;39758;39761;2
2;39750;39754;39756;39758;39761;2
2;39752;39754;39756;39758;39761;-3
3;39748;39750;39752;0;39761;2
2;39750;39754;39756;39758;39761;3
5;39755;39756;39757;0;39761;-2
3;39748;39750;39752;0;39761;1
5;39754;39755;39756;0;39761;0
5;39753;39754;39755;0;39761;1
4;39735;39750;39752;0;39761;0
2;39751;39754;39756;39758;39761;0
4;39734;39749;39752;0;39761;0
2;39753;39755;39756;39758;39761;-3
2;39749;39754;39756;39758;39761;4
2;39753;39755;39756;39758;39761;-5
2;39752;39754;39756;39758;39762;-3
5;39755;39756;39757;0;39762;-3
3;39749;39751;39753;0;39762;0
4;39735;39750;39752;0;39762;-1
4;39740;39753;39755;0;39762;4
5;39750;39751;39752;0;39762;1
3;39751;39753;39755;0;39762;-2
4;39740;39753;39755;0;39762;4
2;39752;39754;39756;39758;39762;-2
4;39738;39753;39755;0;39763;2
4;39733;39749;39752;0;39763;4
5;39755;39756;39757;0;39763;-1
3;39750;39753;39755;0;39763;0
4;39737;39751;39753;0;39763;-2
4;39737;39751;39753;0;39763;-2
3;39751;39753;39755;0;39763;-1
3;39751;39753;39755;0;39764;-1
5;39756;39757;39758;0;39764;-2
4;39736;39750;39752;0;39764;-2
3;39752;39757;39759;0;39765;2
4;39737;39751;39753;0;39765;-1
1;39760;39762;39763;0;39765;-1
1;39759;39761;39763;0;39765;1
1;39759;39761;39763;0;39765;2
5;39759;39760;39761;0;39765;1
3;39750;39753;39755;0;39765;0
5;39759;39760;39761;0;39766;1
1;39760;39762;39763;0;39766;0
5;39757;39758;39759;0;39766;0
1;39760;39762;39763;0;39766;-1
3;39758;39760;39762;0;39766;1
3;39752;39754;39757;0;39766;-2
4;39744;39759;39761;0;39766;2
5;39759;39760;39761;0;39766;0
4;39738;39753;39755;0;39766;2
4;39740;39753;39755;0;39766;5
4;39734;39749;39752;0;39767;1
3;39757;39759;39761;0;39767;0
2;39760;39762;39763;39765;39767;-4
5;39756;39757;39758;0;39767;-1
2;39758;39761;39763;39765;39767;-1
1;39761;39763;39765;0;39767;-2
1;39759;39761;39763;0;39767;1
1;39756;39761;39763;0;39767;5
4;39744;39760;39762;0;39767;4
4;39739;39753;39755;0;39767;1
2;39758;39761;39763;39765;39768;0
3;39756;39758;39760;0;39768;1
2;39756;39761;39763;39765;39768;3
2;39759;39761;39763;39765;39768;-3
2;39755;39761;39763;39765;39768;4
3;39754;39757;39759;0;39768;2
2;39756;39761;39763;39765;39768;4
1;39762;39764;39765;0;39768;-1
2;39758;39761;39763;39765;39768;0
2;39755;39761;39763;39765;39768;4
1;39761;39763;39765;0;39768;-2
2;39759;39761;39763;39765;39768;-3
4;39743;39759;39761;0;39768;6
4;39744;39759;39761;0;39768;3
5;39757;39758;39759;0;39768;-1
2;39754;39761;39763;39765;39768;0
2;39759;39761;39763;39765;39769;-3
2;39758;39761;39763;39765;39769;-1
2;39757;39761;39763;39765;39769;2
3;39758;39760;39762;0;39769;0
3;39759;39761;39764;0;39769;0
2;39755;39761;39763;39765;39769;4
2;39759;39761;39763;39765;39769;-4
5;39760;39761;39762;0;39769;-1
2;39756;39761;39763;39765;39769;3
4;39744;39760;39762;0;39770;4
5;39761;39762;39763;0;39770;1
4;39745;39760;39762;0;39770;1
4;39744;39760;39762;0;39770;5
4;39743;39759;39761;0;39770;6
4;39743;39759;39761;0;39770;5
4;39741;39758;39760;0;39770;7
3;39759;39761;39764;0;39771;-1
4;39741;39758;39760;0;39772;8
3;39760;39762;39764;0;39772;-1
1;39767;39769;39770;0;39772;1
1;39767;39769;39770;0;39772;0
3;39762;39764;39766;0;39772;-1
4;39742;39758;39760;0;39772;6
3;39760;39762;39764;0;39772;-2
4;39742;39759;39761;0;39772;7
3;39761;39763;39766;0;39773;-3
4;39747;39765;39767;0;39773;4
3;39760;39762;39764;0;39773;-3
1;39765;39768;39770;0;39773;3
1;39763;39768;39770;0;39773;4
3;39759;39761;39764;0;39773;-1
5;39764;39765;39766;0;39773;1
4;39742;39758;39760;0;39773;6
3;39763;39765;39767;0;39774;0
3;39761;39763;39766;0;39774;-2
2;39763;39768;39770;39772;39774;3
5;39765;39766;39767;0;39774;0
1;39766;39768;39770;0;39774;1
5;39766;39767;39768;0;39774;0
4;39745;39762;39764;0;39774;3
4;39744;39760;39762;0;39774;3
2;39764;39768;39770;39772;39774;1
2;39762;39768;39770;39772;39775;4
4;39744;39759;39761;0;39775;4
2;39762;39768;39770;39772;39775;5
2;39763;39768;39770;39772;39775;3
2;39761;39768;39770;39772;39775;0
2;39763;39768;39770;39772;39775;3
4;39746;39764;39766;0;39775;4
1;39768;39770;39772;0;39775;-1
4;39749;39766;39768;0;39775;1
4;39752;39767;39769;0;39775;1
5;39768;39769;39770;0;39775;1
5;39767;39768;39769;0;39775;1
4;39745;39763;39766;0;39775;5
2;39764;39768;39770;39772;39775;1
2;39761;39768;39770;39772;39775;0
2;39761;39768;39770;39772;39775;0
2;39767;39769;39770;39772;39776;-2
5;39770;39771;39772;0;39776;1
4;39745;39763;39766;0;39776;4
4;39744;39760;39762;0;39776;3
4;39745;39763;39766;0;39776;3
2;39765;39768;39770;39772;39776;-1
5;39765;39766;39767;0;39777;1
4;39749;39766;39768;0;39777;1
4;39747;39765;39767;0;39777;4
4;39747;39765;39767;0;39777;5
4;39749;39766;39768;0;39778;2
5;39773;39774;39775;0;39778;1
4;39752;39767;39769;0;39778;0
4;39751;39767;39769;0;39778;1
4;39750;39766;39768;0;39778;1
4;39755;39769;39771;0;39778;-1
4;39752;39767;39769;0;39778;1
3;39766;39768;39771;0;39778;2
4;39750;39767;39769;0;39778;2
4;39748;39766;39768;0;39779;3
4;39749;39766;39768;0;39779;2
1;39769;39776;39777;0;39779;6
5;39772;39773;39774;0;39779;1
4;39753;39767;39769;0;39779;-1
3;39764;39766;39768;0;39779;1
4;39755;39770;39773;0;39780;1
4;39753;39767;39769;0;39780;-1
4;39749;39766;39768;0;39780;1
4;39746;39765;39767;0;39780;4
4;39751;39767;39769;0;39780;2
4;39747;39765;39767;0;39780;4
3;39770;39772;39774;0;39781;-2
3;39768;39770;39773;0;39781;1
1;39770;39776;39777;0;39781;5
2;39771;39775;39777;39779;39781;0
5;39774;39775;39776;0;39781;1
4;39758;39772;39774;0;39781;-3
1;39774;39778;39779;0;39781;-2
1;39770;39777;39779;0;39781;5
4;39754;39769;39771;0;39781;1
2;39773;39775;39777;39779;39781;-4
4;39755;39770;39773;0;39781;-1
2;39769;39775;39777;39779;39781;4
3;39768;39770;39773;0;39782;2
2;39773;39776;39777;39779;39782;-2
1;39774;39778;39779;0;39782;0
5;39776;39777;39778;0;39782;1
1;39772;39778;39779;0;39782;3
4;39757;39772;39774;0;39782;-1
1;39771;39778;39779;0;39782;5
4;39759;39772;39774;0;39782;-4
5;39776;39777;39778;0;39782;1
1;39773;39778;39779;0;39782;2
3;39769;39772;39774;0;39782;0
4;39760;39774;39776;0;39782;-2
2;39772;39775;39777;39779;39782;-1
1;39774;39778;39779;0;39782;-2
2;39770;39775;39777;39779;39782;3
2;39770;39775;39777;39779;39782;3
4;39755;39769;39771;0;39782;-1
2;39769;39775;39777;39779;39782;5
1;39770;39777;39779;0;39782;6
2;39773;39776;39777;39779;39782;-3
2;39770;39775;39777;39779;39782;3
4;39755;39769;39771;0;39782;-1
3;39768;39770;39773;0;39782;-1
3;39769;39772;39774;0;39782;0
2;39769;39775;39777;39779;39782;6
2;39774;39776;39777;39779;39782;-5
2;39772;39775;39777;39779;39782;-2
2;39771;39775;39777;39779;39782;1
1;39774;39778;39779;0;39782;0
2;39768;39775;39777;39779;39782;2
2;39772;39775;39777;39779;39782;-2
2;39771;39775;39777;39779;39782;1
2;39769;39775;39777;39779;39783;5
1;39774;39778;39779;0;39783;-1
3;39768;39770;39773;0;39783;0
4;39752;39767;39769;0;39783;1
5;39777;39778;39779;0;39783;0
3;39771;39773;39775;0;39783;0
4;39760;39773;39775;0;39783;-2
2;39773;39776;39777;39779;39783;-4
5;39779;39780;39781;0;39784;1
4;39760;39773;39775;0;39784;-3
4;39761;39774;39776;0;39784;-2
4;39761;39774;39776;0;39784;-3
4;39758;39772;39774;0;39784;-3
4;39758;39772;39774;0;39784;-2
4;39753;39769;39771;0;39784;0
4;39759;39773;39775;0;39785;-3
4;39761;39774;39776;0;39785;-2
3;39773;39779;39781;0;39786;5
5;39781;39782;39783;0;39786;-1
5;39779;39780;39781;0;39786;1
4;39760;39773;39775;0;39786;-2
4;39761;39774;39776;0;39786;-2
4;39759;39773;39775;0;39786;-2
1;39779;39782;39784;0;39786;2
1;39779;39782;39784;0;39786;2
1;39781;39783;39784;0;39787;-1
1;39778;39782;39784;0;39787;-1
4;39761;39774;39776;0;39788;-3
3;39776;39779;39781;0;39788;-1
2;39775;39782;39784;39786;39788;-1
3;39774;39779;39781;0;39788;3
4;39760;39774;39776;0;39788;-2
2;39778;39782;39784;39786;39788;-1
1;39780;39782;39784;0;39788;0
2;39776;39782;39784;39786;39788;3
1;39780;39782;39784;0;39788;-1
1;39775;39782;39784;0;39788;0
5;39780;39781;39782;0;39788;0
5;39782;39783;39784;0;39788;1
1;39783;39785;39786;0;39789;-1
2;39776;39782;39784;39786;39789;2
2;39779;39782;39784;39786;39789;-3
2;39775;39782;39784;39786;39789;0
2;39775;39782;39784;39786;39789;-2
2;39777;39782;39784;39786;39789;2
3;39775;39779;39781;0;39789;1
2;39776;39782;39784;39786;39789;3
2;39778;39782;39784;39786;39789;0
2;39778;39782;39784;39786;39789;0
2;39779;39782;39784;39786;39789;-4
2;39780;39782;39784;39786;39789;-5
2;39778;39782;39784;39786;39789;-1
3;39774;39779;39781;0;39789;4
3;39778;39780;39782;0;39789;-5
1;39782;39784;39786;0;39789;-2
2;39777;39782;39784;39786;39789;3
5;39780;39781;39782;0;39789;-1
1;39782;39784;39786;0;39789;-3
1;39782;39784;39786;0;39789;-4
4;39762;39774;39776;0;39789;-5
5;39780;39781;39782;0;39789;-2
2;39781;39783;39784;39786;39789;-6
2;39779;39782;39784;39786;39789;-2
1;39783;39785;39786;0;39789;-2
2;39779;39782;39784;39786;39789;-4
2;39775;39782;39784;39786;39790;-1
2;39781;39783;39784;39786;39790;-6
3;39776;39780;39782;0;39790;-1
3;39776;39780;39782;0;39790;1
2;39777;39782;39784;39786;39790;2
2;39779;39782;39784;39786;39790;-3
1;39782;39784;39786;0;39790;-2
4;39759;39773;39775;0;39790;-2
3;39777;39780;39782;0;39791;-3
3;39773;39779;39781;0;39791;6
4;39764;39781;39783;0;39791;0
4;39764;39782;39785;0;39791;0
4;39762;39781;39783;0;39791;2
4;39762;39781;39783;0;39791;2
5;39785;39786;39787;0;39792;1
3;39779;39781;39783;0;39792;-5
3;39780;39782;39785;0;39792;-1
1;39787;39789;39791;0;39793;-3
1;39788;39790;39791;0;39793;-4
4;39764;39781;39783;0;39793;0
1;39784;39789;39791;0;39793;-1
1;39786;39789;39791;0;39793;-1
4;39765;39782;39785;0;39794;-2
4;39762;39781;39783;0;39794;1
1;39783;39789;39791;0;39794;2
1;39784;39789;39791;0;39794;-2
4;39763;39781;39783;0;39794;0
1;39783;39789;39791;0;39794;1
1;39787;39789;39791;0;39794;-4
1;39785;39789;39791;0;39794;-1
1;39784;39789;39791;0;39794;-1
5;39787;39788;39789;0;39794;1
1;39784;39789;39791;0;39794;0
4;39762;39781;39783;0;39795;3
4;39767;39784;39787;0;39795;1
2;39785;39789;39791;39793;39795;2
2;39786;39789;39791;39793;39795;1
4;39765;39782;39785;0;39795;-1
1;39788;39790;39791;0;39795;-5
1;39783;39789;39791;0;39795;3
3;39782;39784;39787;0;39795;2
4;39766;39783;39785;0;39795;-1
3;39786;39788;39790;0;39795;1
4;39764;39781;39783;0;39795;-1
4;39767;39783;39785;0;39795;0
5;39788;39789;39790;0;39795;1
2;39783;39789;39791;39793;39795;6
2;39788;39790;39791;39793;39795;-2
2;39785;39789;39791;39793;39796;3
2;39786;39789;39791;39793;39796;1
4;39765;39782;39785;0;39796;-1
1;39789;39791;39793;0;39796;-6
2;39788;39790;39791;39793;39796;-1
2;39786;39789;39791;39793;39796;0
2;39785;39789;39791;39793;39796;4
2;39785;39789;39791;39793;39796;3
1;39790;39792;39793;0;39796;1
2;39784;39789;39791;39793;39796;5
2;39788;39790;39791;39793;39797;-2
4;39766;39783;39785;0;39797;0
4;39769;39786;39788;0;39797;3
4;39769;39786;39788;0;39797;3
5;39792;39793;39794;0;39798;-1
5;39791;39792;39793;0;39798;0
3;39786;39788;39790;0;39798;2
4;39770;39786;39788;0;39798;3
4;39774;39788;39790;0;39798;2
4;39767;39783;39785;0;39798;0
4;39775;39788;39790;0;39798;2
3;39786;39788;39790;0;39798;2
4;39772;39786;39788;0;39798;0
5;39791;39792;39793;0;39798;1
4;39773;39788;39790;0;39799;1
4;39775;39789;39792;0;39799;3
4;39775;39788;39790;0;39799;2
4;39770;39786;39788;0;39799;2
4;39772;39788;39790;0;39799;2
5;39790;39791;39792;0;39800;1
4;39767;39784;39787;0;39800;0
3;39792;39794;39796;0;39800;2
5;39794;39795;39796;0;39800;1
4;39774;39788;39790;0;39800;1
4;39776;39790;39792;0;39800;1
4;39773;39788;39790;0;39800;1
4;39772;39788;39790;0;39800;1
3;39788;39790;39792;0;39800;0
5;39798;39799;39800;0;39801;1
3;39789;39791;39794;0;39801;1
4;39769;39786;39788;0;39801;2
4;39776;39790;39792;0;39802;1
5;39796;39797;39798;0;39802;1
4;39775;39789;39792;0;39802;2
2;39792;39796;39798;39800;39802;3
2;39792;39796;39798;39800;39802;2
1;39794;39798;39800;0;39802;2
1;39791;39798;39800;0;39802;6
4;39772;39787;39789;0;39802;1
1;39796;39798;39800;0;39802;-1
1;39792;39798;39800;0;39802;5
1;39792;39798;39800;0;39802;5
4;39770;39786;39788;0;39802;2
4;39776;39789;39792;0;39802;1
3;39789;39791;39794;0;39802;2
4;39775;39789;39792;0;39802;4
2;39793;39796;39798;39800;39803;-1
2;39790;39796;39798;39800;39803;4
2;39792;39796;39798;39800;39803;2
4;39777;39793;39795;0;39803;2
2;39793;39797;39798;39800;39803;1
2;39793;39797;39798;39800;39803;0
2;39790;39796;39798;39800;39803;4
2;39789;39796;39798;39800;39803;2
2;39793;39796;39798;39800;39803;1
3;39792;39794;39796;0;39803;1
1;39794;39798;39800;0;39803;3
2;39789;39796;39798;39800;39803;2
2;39793;39797;39798;39800;39803;1
4;39777;39791;39794;0;39804;1
4;39779;39794;39796;0;39804;-3
4;39780;39795;39797;0;39804;-4
4;39772;39787;39789;0;39804;0
4;39779;39794;39796;0;39804;-2
4;39783;39795;39797;0;39804;-5
5;39792;39793;39794;0;39804;0
3;39793;39795;39797;0;39805;0
4;39779;39795;39797;0;39805;0
3;39792;39794;39796;0;39805;2
5;39793;39794;39795;0;39805;0
4;39781;39795;39797;0;39805;-6
4;39776;39789;39792;0;39805;1
4;39778;39794;39796;0;39806;1
4;39781;39795;39797;0;39806;-6
4;39782;39795;39797;0;39806;-5
5;39795;39796;39797;0;39806;1
4;39781;39795;39797;0;39806;-5
3;39796;39798;39801;0;39807;2
4;39779;39794;39796;0;39807;-2
4;39778;39793;39795;0;39807;-1
4;39779;39795;39797;0;39807;-2
4;39779;39795;39797;0;39807;-2
4;39781;39795;39797;0;39807;-5
4;39778;39793;39795;0;39807;1
4;39783;39795;39797;0;39808;-5
4;39779;39794;39796;0;39808;-2
4;39778;39794;39796;0;39808;1
4;39777;39791;39794;0;39808;0
5;39803;39804;39805;0;39809;1
1;39802;39806;39807;0;39809;2
2;39797;39803;39805;39807;39809;3
1;39801;39806;39807;0;39809;4
2;39798;39803;39805;39807;39809;1
4;39786;39799;39801;0;39809;-5
5;39804;39805;39806;0;39809;-3
1;39799;39805;39807;0;39809;5
1;39798;39805;39807;0;39809;3
2;39798;39803;39805;39807;39809;1
2;39802;39804;39805;39807;39809;-4
1;39802;39806;39807;0;39809;1
2;39794;39803;39805;39807;39809;4
2;39800;39804;39805;39807;39810;-1
2;39801;39804;39805;39807;39810;-2
2;39798;39803;39805;39807;39810;3
2;39798;39803;39805;39807;39810;2
4;39786;39800;39802;0;39810;-3
4;39786;39800;39802;0;39810;-3
3;39798;39800;39802;0;39810;1
2;39795;39803;39805;39807;39810;3
2;39798;39803;39805;39807;39810;2
4;39795;39802;39804;0;39810;-5
1;39802;39806;39807;0;39810;1
1;39804;39806;39807;0;39810;-2
1;39798;39805;39807;0;39810;4
2;39800;39804;39805;39807;39810;-1
5;39801;39802;39803;0;39810;1
3;39800;39802;39804;0;39810;1
4;39779;39795;39797;0;39810;0
5;39802;39803;39804;0;39810;0
4;39783;39798;39801;0;39810;-3
3;39794;39798;39801;0;39810;1
4;39786;39799;39801;0;39810;-5
5;39803;39804;39805;0;39810;0
2;39797;39803;39805;39807;39810;4
2;39796;39803;39805;39807;39810;1
2;39798;39803;39805;39807;39810;3
2;39795;39803;39805;39807;39810;3
4;39784;39799;39801;0;39810;-2
4;39790;39800;39802;0;39811;-2
4;39778;39794;39796;0;39811;1
4;39788;39800;39802;0;39811;-4
4;39789;39800;39802;0;39811;-3
4;39781;39795;39797;0;39811;-6
5;39803;39804;39805;0;39811;-1
4;39792;39802;39804;0;39812;-3
5;39800;39801;39802;0;39812;1
4;39795;39802;39804;0;39812;-5
4;39788;39800;39802;0;39812;-3
5;39804;39805;39806;0;39812;-1
4;39785;39799;39801;0;39812;-3
5;39801;39802;39803;0;39812;0
4;39784;39798;39801;0;39812;-3
4;39793;39802;39804;0;39813;-5
4;39792;39802;39804;0;39813;-3
3;39799;39801;39803;0;39813;2
5;39806;39807;39808;0;39814;1
5;39807;39808;39809;0;39814;1
3;39802;39807;39809;0;39814;3
4;39788;39800;39802;0;39814;-4
1;39806;39810;39812;0;39814;0
4;39793;39802;39804;0;39814;-5
1;39805;39810;39812;0;39814;0
1;39806;39810;39812;0;39814;-1
5;39804;39805;39806;0;39814;-2
4;39792;39802;39804;0;39814;-2
4;39792;39802;39804;0;39815;-2
4;39794;39802;39804;0;39815;-6
1;39808;39810;39812;0;39815;-1
1;39807;39810;39812;0;39815;0
1;39805;39810;39812;0;39815;1
4;39796;39802;39804;0;39815;-2
5;39808;39809;39810;0;39815;1
5;39809;39810;39811;0;39815;0
4;39792;39802;39804;0;39815;-3
4;39791;39801;39803;0;39815;-2
3;39801;39807;39809;0;39816;5
3;39801;39807;39809;0;39816;4
3;39803;39807;39809;0;39816;1
2;39809;39811;39812;39814;39816;-3
2;39802;39810;39812;39814;39816;2
1;39811;39813;39814;0;39816;1
2;39808;39810;39812;39814;39816;0
1;39811;39813;39814;0;39816;1
2;39809;39811;39812;39814;39816;-2
3;39802;39807;39809;0;39816;2
5;39811;39812;39813;0;39816;-3
1;39805;39810;39812;0;39816;-1
5;39810;39811;39812;0;39816;0
4;39790;39800;39802;0;39816;-3
2;39803;39810;39812;39814;39817;0
2;39804;39810;39812;39814;39817;4
2;39806;39810;39812;39814;39817;3
2;39807;39810;39812;39814;39817;1
2;39808;39810;39812;39814;39817;0
5;39811;39812;39813;0;39817;-2
1;39809;39812;39814;0;39817;-1
4;39793;39802;39804;0;39817;-5
2;39809;39811;39812;39814;39817;-3
3;39806;39808;39810;0;39817;-3
3;39806;39808;39810;0;39817;-4
5;39809;39810;39811;0;39817;1
1;39810;39812;39814;0;39817;-2
2;39808;39810;39812;39814;39817;-1
3;39807;39809;39811;0;39817;-5
2;39803;39810;39812;39814;39817;0
2;39808;39810;39812;39814;39818;-2
2;39808;39810;39812;39814;39818;-1
3;39804;39807;39809;0;39818;-1
5;39811;39812;39813;0;39818;-1
5;39810;39811;39812;0;39818;-2
5;39810;39811;39812;0;39818;-1
3;39804;39808;39810;0;39818;1
5;39816;39817;39818;0;39819;-2
3;39808;39810;39813;0;39819;-1
4;39809;39815;39817;0;39819;-6
4;39798;39809;39811;0;39819;2
4;39799;39809;39811;0;39819;-1
4;39797;39809;39811;0;39819;4
4;39799;39809;39811;0;39819;-1
5;39813;39814;39815;0;39820;1
1;39812;39818;39819;0;39821;2
3;39808;39810;39813;0;39821;-1
4;39797;39809;39811;0;39821;3
